"Icon";"Tags"
"ğŸ˜€";"sorrindo, rir, riso, sorrir, kkk, lol, risada, risadas, feliz, felicidade, sorriso, ri"
"ğŸ˜ƒ";"smiley, sorrindo, rir, sorrir, kkk, lol, risada, sorriso"
"ğŸ˜„";"divertido, sorrindo, rir, riso, sorrir, kkk, lol, risada, risadas, feliz, felicidade, sorriso, ri"
"ğŸ˜";"divertido, sorrindo, rir, riso, sorrir, kkk, lol, risada, risadas, feliz, felicidade, sorriso, ri"
"ğŸ˜†";"divertido, sorrindo, rir, riso, sorrir, kkk, lol, risada, risadas, feliz, felicidade, sorriso, ri"
"ğŸ˜…";"ufa, eita, ui, uia"
"ğŸ¤£";"k, kkkkkkkk, haha, ha, hah, hahah"
"ğŸ˜‚";"k, kkkkkkkk, haha, ha, hah, hahah"
"ğŸ™‚";"legal, ok, ata"
"ğŸ™ƒ";"legal, ok, ata"
"ğŸ˜‰";"foda, boa, certo, bom, boas, bem"
"ğŸ˜Š";"lindo, fofo, esperto, gostoso, gostosa, linda, fofa, esperta, bom, boa, bem"
"ğŸ˜‡";"inocente, anjo"
"ğŸ¥°";"amor, ama, amar, amei, amo, lindo, fofo, esperto, gostoso, gostosa, linda, fofa, esperta, bom, boa, bem"
"ğŸ˜";"amor, ama, amar, amei, amo, lindo, fofo, esperto, gostoso, gostosa, linda, fofa, esperta, bom, boa, bem"
"ğŸ¤©";"amor, ama, amar, amei, amo, lindo, fofo, esperto, gostoso, gostosa, linda, fofa, esperta, bom, boa, bem"
"ğŸ˜˜";"beija, beijos, beijo, beijando, bjo, bja, bjao, bjunda, bj"
"ğŸ˜—";"beija, beijos, beijo, beijando, bjo, bja, bjao, bjunda, bj"
"â˜ºï¸";"relaxa, relaxando, relaxado, divertido"
"ğŸ˜š";"beija, beijos, beijo, beijando, bjo, bja, bjao, bjunda, bj"
"ğŸ˜™";"beija, beijos, beijo, beijando, bjo, bja, bjao, bjunda, bj"
"ğŸ˜‹";"delicia, dlc"
"ğŸ˜›";"milambe, lambe, lamber, lambi, lambida, lambendo, chupa, chupando"
"ğŸ˜œ";"milambe, lambe, lamber, lambi, lambida, lambendo, chupa, chupando"
"ğŸ¤ª";"milambe, lambe, lamber, lambi, lambida, lambendo, chupa, chupando"
"ğŸ˜";"milambe, lambe, lamber, lambi, lambida, lambendo, chupa, chupando"
"ğŸ¤‘";"milambe, lambe, lamber, lambi, lambida, lambendo, chupa, chupando"
"ğŸ¤—";"abraca, abraco, abracando"
"ğŸ¤­";"segredo,ui, wow, uau, surpresa"
"ğŸ¤«";"ui, wow, uau, surpresa, segredo"
"ğŸ¤”";"pensando, pensar"
"ğŸ¤";"segredo, ui, wow, uau, surpresa"
"ğŸ¤¨";"sera, duvida, confuso, confusos, eita, hm"
"ğŸ˜";"ata, ruim, ok, tendi, entendi"
"ğŸ˜‘";"ata, ruim, ok, tendi, entendi"
"ğŸ˜¶";"ata, ruim, ok, tendi, entendi"
"ğŸ˜";"sorrie"
"ğŸ˜’";"ata, ruim, ok, tendi, entendi"
"ğŸ™„";"ata, ruim, ok, tendi, entendi"
"ğŸ˜¬";"ata, ruim, ok, tendi, entendi"
"ğŸ¤¥";"bobo, palhaco"
"ğŸ˜Œ";"aliviado"
"ğŸ˜”";"triste, ruim"
"ğŸ˜ª";"sono"
"ğŸ¤¤";"delicia, dlc, baba, babando"
"ğŸ˜´";"sono"
"ğŸ˜·";"mascarar"
"ğŸ¤’";"doente, coronavirus, covid"
"ğŸ¤•";"doente, gripado, coronavirus, covid"
"ğŸ¤¢";"eca, nojo"
"ğŸ¤®";"eca, nojo"
"ğŸ¤§";"doente, gripado, coronavirus, covid"
"ğŸ¥µ";"quente"
"ğŸ¥¶";"frio"
"ğŸ¥´";"preguica"
"ğŸ˜µ";"ui, wow, uau, surpresa, segredo"
"ğŸ¤¯";"ui, wow, uau, surpresa, segredo"
"ğŸ¤ ";"cowboy"
"ğŸ¥³";"festa, sextou"
"ğŸ˜";"calor, praia, sol, quente, sexy, foda, bom, esperto, boa, acertou, certo, uhum, sim"
"ğŸ¤“";"nerd, inteligente, esperto, esperta"
"ğŸ§";"pesquisa, pesquisar"
"ğŸ˜•";"confuso, confusa, confundindo"
"ğŸ˜Ÿ";"preocupado"
"ğŸ™";"preocupado, triste, bua, choro, chorei, xorei, chorando, ruim, pessimo, tristeza"
"â˜¹ï¸";"preocupado, triste, bua, choro, chorei, xorei, chorando, ruim, pessimo, tristeza"
"ğŸ˜®";"ui, surpresa, wow, uau, eita"
"ğŸ˜¯";"silencioso"
"ğŸ˜²";"atonito"
"ğŸ˜³";"vergonha, envergonhado, envergonhada,timido, liberado, sexo, sexy, pau, buceta, ui, hot, quente"
"ğŸ¥º";"ata"
"ğŸ˜¦";"liberado, sexo, sexy, pau, buceta, ui, hot, quente"
"ğŸ˜§";"angustiado"
"ğŸ˜¨";"medroso, medo, susto"
"ğŸ˜°";"medroso, medo, susto"
"ğŸ˜¥";"aliviado, ufa"
"ğŸ˜¢";"preocupado, triste, bua, choro, chorei, xorei, chorando, ruim, pessimo, tristeza, chorar, chorando"
"ğŸ˜­";"soluco"
"ğŸ˜±";"gritar"
"ğŸ˜–";"confundido"
"ğŸ˜£";"perseverar"
"ğŸ˜";"decepcionado"
"ğŸ˜“";"suor, aff, affe, hm, hum, ah"
"ğŸ˜©";"cansado"
"ğŸ˜«";"cansado, cansada, aff"
"ğŸ¥±";"sono, soneca, soninho"
"ğŸ˜¤";"raiva, bravo, brava, aff, affe"
"ğŸ˜¡";"raiva"
"ğŸ˜ ";"zangado, zangada"
"ğŸ¤¬";"raiva, bravo, brava, aff, affe"
"ğŸ˜ˆ";"sexo, safado, safada, gostoso, gostosa"
"ğŸ‘¿";"sexo, safado, safada, gostoso, gostosa"
"ğŸ’€";"cranio, caveira, morto, morta"
"â˜ ï¸";"cranio, caveira, morto, morta
ğŸ’©"""
"ğŸ’©";"hankey"
"ğŸ¤¡";"palhaco, palhaca"
"ğŸ‘¹";"ogro"
"ğŸ‘º";"goblin"
"ğŸ‘»";"fantasma, fantasmas, gasparzinho, gasparzinha"
"ğŸ‘½";"alienigena, alien, et, aliens, ets, alienigenas"
"ğŸ‘¾";"jogo, game, jogos, games"
"ğŸ¤–";"robo"
"ğŸ˜º";"gato, gata, gatinho, gatinha, gatinhos, gatinhas, miau"
"ğŸ˜¸";"gato, gata, gatinho, gatinha, gatinhos, gatinhas, miau"
"ğŸ˜¹";"gato, gata, gatinho, gatinha, gatinhos, gatinhas, miau"
"ğŸ˜»";"gato, gata, gatinho, gatinha, gatinhos, gatinhas, miau"
"ğŸ˜¼";"gato, gata, gatinho, gatinha, gatinhos, gatinhas, miau"
"ğŸ˜½";"gato, gata, gatinho, gatinha, gatinhos, gatinhas, miau"
"ğŸ™€";"gato, gata, gatinho, gatinha, gatinhos, gatinhas, miau"
"ğŸ˜¿";"gato, gata, gatinho, gatinha, gatinhos, gatinhas, miau"
"ğŸ˜¾";"gato, gata, gatinho, gatinha, gatinhos, gatinhas, miau"
"ğŸ™ˆ";"esconde, segredo, safado, safada, sexo"
"ğŸ™‰";"esconde, segredo, safado, safada, sexo"
"ğŸ™Š";"esconde, segredo, safado, safada, sexo"
"ğŸ’‹";"beijo, beija, bjo, bja, bjos, beijos, beijando"
"ğŸ’Œ";"amor, carta"
"ğŸ’˜";"amor, cupido, coracao, amo, amei, amar
ğŸ’"""
"ğŸ’";"coracao de presente"
"ğŸ’–";"amor, coracao, amo, amei, amar"
"ğŸ’—";"amor, coracao, amo, amei, amar"
"ğŸ’“";"amor, coracao, amo, amei, amar"
"ğŸ’";"amor, coracao, amo, amei, amar"
"ğŸ’•";"amor, coracao, amo, amei, amar"
"ğŸ’Ÿ";"decoracao"
"â£ï¸";"amor, coracao, amo, amei, amar"
"ğŸ’”";"tristeza, triste, ruim, divorcio, separacao"
"â¤ï¸";"amor, coracao, amo, amei, amar"
"ğŸ§¡";"amor, coracao, amo, amei, amar"
"ğŸ’›";"amor, coracao, amo, amei, amar"
"ğŸ’š";"amor, coracao, amo, amei, amar"
"ğŸ’™";"amor, coracao, amo, amei, amar"
"ğŸ’œ";"amor, coracao, amo, amei, amar"
"ğŸ¤";"amor, coracao, amo, amei, amar"
"ğŸ–¤";"amor, coracao, amo, amei, amar"
"ğŸ¤";"amor, coracao, amo, amei, amar"
"ğŸ’¯";"100"
"ğŸ’¢";"raiva"
"ğŸ’¥";"boom, bum, explosao"
"ğŸ’«";"tonto"
"ğŸ’¦";"sweat_drops"
"ğŸ’¨";"traco"
"ğŸ•³ï¸";"buraco"
"ğŸ’£";"bomba"
"ğŸ’¬";"fala, papo"
"ğŸ‘ï¸â€ğŸ—¨ï¸";"fala, papo"
"ğŸ—¨ï¸";"fala, papo"
"ğŸ—¯ï¸";"fala, papo"
"ğŸ’­";"fala, papo"
"ğŸ’¤";"zzz, sono, soninho"
"ğŸ‘‹";"oi, ola, oie, alo"
"ğŸ¤š";"mao"
"ğŸ–ï¸";"mao"
"âœ‹";"mao"
"ğŸ––";"mao"
"ğŸ‘Œ";"ok, sim, certo, beleza"
"ğŸ¤";"mao"
"âœŒï¸";"ok, sim, certo, beleza, dboa"
"ğŸ¤";"sorte"
"ğŸ¤Ÿ";"corno, gado"
"ğŸ¤˜";"corno, gado"
"ğŸ¤™";"meliga"
"ğŸ‘ˆ";"esquerda"
"ğŸ‘‰";"direita"
"ğŸ‘†";"cima"
"ğŸ–•";"pessimo, horrivel"
"ğŸ‘‡";"baixo"
"â˜ï¸";"cima"
"ğŸ‘";"ok, sim, certo, beleza"
"ğŸ‘";"ruim, nao, mal, pessimo"
"âœŠ";"soco, socao, porrada"
"ğŸ‘Š";"soco, socao, porrada"
"ğŸ¤›";"soco, socao, porrada"
"ğŸ¤œ";"soco, socao, porrada"
"ğŸ‘";"parabens"
"ğŸ™Œ";"mao"
"ğŸ‘";"mao"
"ğŸ¤²";"mao"
"ğŸ¤";"mao"
"ğŸ™";"rezar, deus, igreja, religiao, reza"
"âœï¸";"escrever"
"ğŸ’…";"unhas"
"ğŸ¤³";"selfie"
"ğŸ’ª";"musculo, forte, foite, forca, musculos, bombado, bombada"
"ğŸ¦¾";"musculo, forte, foite, forca, musculos, bombado, bombada"
"ğŸ¦¿";"musculo, forte, foite, forca, musculos, bombado, bombada"
"ğŸ¦µ";"musculo, forte, foite, forca, musculos, bombado, bombada"
"ğŸ¦¶";"pe, pezin"
"ğŸ‘‚";"orelha, ouvir, ouve"
"ğŸ¦»";"orelha, ouvir, ouve"
"ğŸ‘ƒ";"nariz"
"ğŸ§ ";"cerebro"
"ğŸ¦·";"dente"
"ğŸ¦´";"osso"
"ğŸ‘€";"olhos, olho, olha"
"ğŸ‘ï¸";"olho"
"ğŸ‘…";"lingua, milambe, lambe, lambida"
"ğŸ‘„";"labios,boca, beija, bja, bjo, bjs"
"ğŸ‘¶";"bebe, nenem, fralda"
"ğŸ§’";"crianca"
"ğŸ‘¦";"garoto, menino"
"ğŸ‘§";"garota, menina"
"ğŸ§‘";"adulto"
"ğŸ‘±";"loiro"
"ğŸ‘¨";"homem"
"ğŸ§”";"barba, barbudo"
"ğŸ‘¨â€ğŸ¦°";"ruivo"
"ğŸ‘¨â€ğŸ¦±";"crespo"
"ğŸ‘¨â€ğŸ¦³";"velho, veio"
"ğŸ‘¨â€ğŸ¦²";"careca"
"ğŸ‘©";"mulher"
"ğŸ‘©â€ğŸ¦°";"red_haired_woman"
"ğŸ§‘â€ğŸ¦°";"person_red_hair"
"ğŸ‘©â€ğŸ¦±";"curly_haired_woman"
"ğŸ§‘â€ğŸ¦±";"person_curly_hair"
"ğŸ‘©â€ğŸ¦³";"white_haired_woman"
"ğŸ§‘â€ğŸ¦³";"person_white_hair"
"ğŸ‘©â€ğŸ¦²";"mulher careca"
"ğŸ§‘â€ğŸ¦²";"person_bald"
"ğŸ‘±â€â™€ï¸";"loira_de cabelos"
"ğŸ‘±â€â™‚ï¸";"blond_haired_man"
"ğŸ§“";"adulto mais antigo"
"ğŸ‘´";"idoso, idosa, vovo, veia, velha"
"ğŸ‘µ";"idoso, idosa, vovo, veia, velha"
"ğŸ™";"pessoa carrancuda"
"ğŸ™â€â™‚ï¸";"homem carrancudo"
"ğŸ™â€â™€ï¸";"mulher carrancuda"
"ğŸ™";"pouting_face"
"ğŸ™â€â™‚ï¸";"pouting_man"
"ğŸ™â€â™€ï¸";"pouting_woman"
"ğŸ™…";"no_good"
"ğŸ™…â€â™‚ï¸";"no_good_man"
"ğŸ™…â€â™€ï¸";"no_good_woman"
"ğŸ™†";"ok_person"
"ğŸ™†â€â™‚ï¸";"ok_man"
"ğŸ™†â€â™€ï¸";"ok_woman"
"ğŸ’";"tipping_hand_person"
"ğŸ’â€â™‚ï¸";"tipping_hand_man"
"ğŸ’â€â™€ï¸";"tipping_hand_woman"
"ğŸ™‹";"lifting_hand"
"ğŸ™‹â€â™‚ï¸";"lifting_hand_man"
"ğŸ™‹â€â™€ï¸";"raise_hand_woman"
"ğŸ§";"deaf_person"
"ğŸ§â€â™‚ï¸";"deaf_man"
"ğŸ§â€â™€ï¸";"surda-mulher"
"ğŸ™‡";"arco"
"ğŸ™‡â€â™‚ï¸";"bowing_man"
"ğŸ™‡â€â™€ï¸";"curvando-se"
"ğŸ¤¦";"facepalm"
"ğŸ¤¦â€â™‚ï¸";"man_facepalming"
"ğŸ¤¦â€â™€ï¸";"woman_facepalming"
"ğŸ¤·";"encolher os ombros"
"ğŸ¤·â€â™‚ï¸";"man_shrugging"
"ğŸ¤·â€â™€ï¸";"woman_shrugging"
"ğŸ§‘â€âš•ï¸";"curar"
"ğŸ‘¨â€âš•ï¸";"man_health_worker"
"ğŸ‘©â€âš•ï¸";"woman_health_worker"
"ğŸ§‘â€ğŸ“";"aluno, faculdade, estudante"
"ğŸ‘¨â€ğŸ“";"man_student"
"ğŸ‘©â€ğŸ“";"woman_student"
"ğŸ§‘â€ğŸ«";"professor"
"ğŸ‘¨â€ğŸ«";"man_teacher"
"ğŸ‘©â€ğŸ«";"professora_ mulher"
"ğŸ§‘â€âš–ï¸";"juiz"
"ğŸ‘¨â€âš–ï¸";"man_judge"
"ğŸ‘©â€âš–ï¸";"woman_judge"
"ğŸ§‘â€ğŸŒ¾";"agricultor"
"ğŸ‘¨â€ğŸŒ¾";"man_farmer"
"ğŸ‘©â€ğŸŒ¾";"woman_farmer"
"ğŸ§‘â€ğŸ³";"cozinhar"
"ğŸ‘¨â€ğŸ³";"man_cook"
"ğŸ‘©â€ğŸ³";"woman_cook"
"ğŸ§‘â€ğŸ”§";"mecanico"
"ğŸ‘¨â€ğŸ”§";"man_mechanic"
"ğŸ‘©â€ğŸ”§";"woman_mechanic"
"ğŸ§‘â€ğŸ­";"trabalhador da fabrica"
"ğŸ‘¨â€ğŸ­";"man_factory_worker"
"ğŸ‘©â€ğŸ­";"woman_factory_worker"
"ğŸ§‘â€ğŸ’¼";"office_worker"
"ğŸ‘¨â€ğŸ’¼";"man_office_worker"
"ğŸ‘©â€ğŸ’¼";"mulher_funcionaria"
"ğŸ§‘â€ğŸ”¬";"cientista"
"ğŸ‘¨â€ğŸ”¬";"man_scientist"
"ğŸ‘©â€ğŸ”¬";"woman_scientist"
"ğŸ§‘â€ğŸ’»";"tecnologo"
"ğŸ‘¨â€ğŸ’»";"man_technologist"
"ğŸ‘©â€ğŸ’»";"tecnologo da mulher"
"ğŸ§‘â€ğŸ¤";"cantor"
"ğŸ‘¨â€ğŸ¤";"man_singer"
"ğŸ‘©â€ğŸ¤";"woman_singer"
"ğŸ§‘â€ğŸ¨";"artista"
"ğŸ‘¨â€ğŸ¨";"man_artist"
"ğŸ‘©â€ğŸ¨";"mulher_artista"
"ğŸ§‘â€âœˆï¸";"piloto"
"ğŸ‘¨â€âœˆï¸";"man_pilot"
"ğŸ‘©â€âœˆï¸";"woman_pilot"
"ğŸ§‘â€ğŸš€";"astronauta"
"ğŸ‘¨â€ğŸš€";"man_astronaut"
"ğŸ‘©â€ğŸš€";"woman_astronaut"
"ğŸ§‘â€ğŸš’";"bombeiro"
"ğŸ‘¨â€ğŸš’";"man_firefighter"
"ğŸ‘©â€ğŸš’";"woman_firefighter"
"ğŸ‘®";"policial, policia"
"ğŸ‘®â€â™‚ï¸";"policial, policia"
"ğŸ‘®â€â™€ï¸";"policial, policia"
"ğŸ•µï¸";"detetive"
"ğŸ•µï¸â€â™‚ï¸";"detetive masculino"
"ğŸ•µï¸â€â™€ï¸";"feminino_detetive"
"ğŸ’‚";"guarda"
"ğŸ’‚â€â™‚ï¸";"guarda"
"ğŸ’‚â€â™€ï¸";"guarda"
"ğŸ‘·";"trabalhador da construcao"
"ğŸ‘·â€â™‚ï¸";"construction_worker_man"
"ğŸ‘·â€â™€ï¸";"construction_worker_woman"
"ğŸ¤´";"principe"
"ğŸ‘¸";"princesa"
"ğŸ‘³";"pessoa_com_turban"
"ğŸ‘³â€â™‚ï¸";"man_with_turban"
"ğŸ‘³â€â™€ï¸";"mulher_com_turban"
"ğŸ‘²";"man_with_gua_pi_mao"
"ğŸ§•";"woman_with_headscarf"
"ğŸ¤µ";"person_in_tuxedo"
"ğŸ‘°";"person_with_veil"
"ğŸ¤°";"mulher gravida"
"ğŸ¤±";"amamentacao"
"ğŸ‘¼";"anjo"
"ğŸ…";"santa, noel"
"ğŸ¤¶";"mrs_claus"
"ğŸ¦¸";"heroi, superheroi, superman"
"ğŸ¦¸â€â™‚ï¸";"superhero_man"
"ğŸ¦¸â€â™€ï¸";"superhero_woman"
"ğŸ¦¹";"supervilao"
"ğŸ¦¹â€â™‚ï¸";"supervillain_man"
"ğŸ¦¹â€â™€ï¸";"supervilao_mulher"
"ğŸ§™";"mago"
"ğŸ§™â€â™‚ï¸";"mage_man"
"ğŸ§™â€â™€ï¸";"mage_woman"
"ğŸ§š";"fada"
"ğŸ§šâ€â™‚ï¸";"homem-fada"
"ğŸ§šâ€â™€ï¸";"mulher-fada"
"ğŸ§›";"vampiro"
"ğŸ§›â€â™‚ï¸";"vampire_man"
"ğŸ§›â€â™€ï¸";"vampire_woman"
"ğŸ§œ";"merperson"
"ğŸ§œâ€â™‚ï¸";"tritao"
"ğŸ§œâ€â™€ï¸";"sereia"
"ğŸ§";"elfo"
"ğŸ§â€â™‚ï¸";"elf_man"
"ğŸ§â€â™€ï¸";"elf_woman"
"ğŸ§";"genio"
"ğŸ§â€â™‚ï¸";"genie_man"
"ğŸ§â€â™€ï¸";"genie_woman"
"ğŸ§Ÿ";"zumbi"
"ğŸ§Ÿâ€â™‚ï¸";"zombie_man"
"ğŸ§Ÿâ€â™€ï¸";"zombie_woman"
"ğŸ’†";"massagem"
"ğŸ’†â€â™‚ï¸";"massage_man"
"ğŸ’†â€â™€ï¸";"massage_woman"
"ğŸ’‡";"corte de cabelo"
"ğŸ’‡â€â™‚ï¸";"haircut_man"
"ğŸ’‡â€â™€ï¸";"haircut_woman"
"ğŸš¶";"andando"
"ğŸš¶â€â™‚ï¸";"walking_man"
"ğŸš¶â€â™€ï¸";"walking_woman"
"ğŸ§";"standing_person"
"ğŸ§â€â™‚ï¸";"standing_man"
"ğŸ§â€â™€ï¸";"standing_woman"
"ğŸ§";"kneeling_person"
"ğŸ§â€â™‚ï¸";"kneeling_man"
"ğŸ§â€â™€ï¸";"kneeling_woman"
"ğŸ§‘â€ğŸ¦¯";"person_with_probing_cane"
"ğŸ‘¨â€ğŸ¦¯";"man_with_probing_cane"
"ğŸ‘©â€ğŸ¦¯";"woman_with_probing_cane"
"ğŸ§‘â€ğŸ¦¼";"person_in_motorized_wchairchair"
"ğŸ‘¨â€ğŸ¦¼";"man_in_motorized_wchairchair"
"ğŸ‘©â€ğŸ¦¼";"woman_in_motorized_wchairchair"
"ğŸ§‘â€ğŸ¦½";"person_in_manual_wheelchair"
"ğŸ‘¨â€ğŸ¦½";"man_in_manual_wheelchair"
"ğŸ‘©â€ğŸ¦½";"woman_in_manual_wheelchair"
"ğŸƒ";"corredor"
"ğŸƒâ€â™‚ï¸";"running_man"
"ğŸƒâ€â™€ï¸";"running_woman"
"ğŸ’ƒ";"mulher_danca"
"ğŸ•º";"man_dancing"
"ğŸ•´ï¸";"business_suit_levitating"
"ğŸ‘¯";"dancarinos, danca, dancar, dancando"
"ğŸ‘¯â€â™‚ï¸";"dancing_men"
"ğŸ‘¯â€â™€ï¸";"dancar_mulheres"
"ğŸ§–";"sauna_person"
"ğŸ§–â€â™‚ï¸";"sauna_man"
"ğŸ§–â€â™€ï¸";"sauna_woman"
"ğŸ§—";"escalada"
"ğŸ§—â€â™‚ï¸";"climb_man"
"ğŸ§—â€â™€ï¸";"alpinista"
"ğŸ¤º";"person_fencing"
"ğŸ‡";"corrida de cavalos"
"â›·ï¸";"esquiador"
"ğŸ‚";"snowboarder"
"ğŸŒï¸";"golfe"
"ğŸŒï¸â€â™‚ï¸";"golfing_man"
"ğŸŒï¸â€â™€ï¸";"golfing_woman"
"ğŸ„";"surfista"
"ğŸ„â€â™‚ï¸";"surfing_man"
"ğŸ„â€â™€ï¸";"surfing_woman"
"ğŸš£";"barco a remos"
"ğŸš£â€â™‚ï¸";"rowing_man"
"ğŸš£â€â™€ï¸";"rowing_woman"
"ğŸŠ";"nadador"
"ğŸŠâ€â™‚ï¸";"swimming_man"
"ğŸŠâ€â™€ï¸";"swimming_woman"
"â›¹ï¸";"bouncing_ball_person"
"â›¹ï¸â€â™‚ï¸";"bouncing_ball_man"
"â›¹ï¸â€â™€ï¸";"bouncing_ball_woman"
"ğŸ‹ï¸";"levantamento de peso"
"ğŸ‹ï¸â€â™‚ï¸";"weight_lifting_man"
"ğŸ‹ï¸â€â™€ï¸";"weight_lifting_woman"
"ğŸš´";"ciclista"
"ğŸš´â€â™‚ï¸";"biking_man"
"ğŸš´â€â™€ï¸";"biking_woman"
"ğŸšµ";"mountain_bicyclist"
"ğŸšµâ€â™‚ï¸";"mountain_biking_man"
"ğŸšµâ€â™€ï¸";"mountain_biking_woman"
"ğŸ¤¸";"cartwheeling"
"ğŸ¤¸â€â™‚ï¸";"man_cartwheeling"
"ğŸ¤¸â€â™€ï¸";"woman_cartwheeling"
"ğŸ¤¼";"luta livre"
"ğŸ¤¼â€â™‚ï¸";"men_wrestling"
"ğŸ¤¼â€â™€ï¸";"women_wrestling"
"ğŸ¤½";"water_polo"
"ğŸ¤½â€â™‚ï¸";"man_playing_water_polo"
"ğŸ¤½â€â™€ï¸";"woman_playing_water_polo"
"ğŸ¤¾";"handball_person"
"ğŸ¤¾â€â™‚ï¸";"man_playing_handball"
"ğŸ¤¾â€â™€ï¸";"woman_playing_handball"
"ğŸ¤¹";"juggling_person"
"ğŸ¤¹â€â™‚ï¸";"man_juggling"
"ğŸ¤¹â€â™€ï¸";"woman_juggling"
"ğŸ§˜";"lotus_position"
"ğŸ§˜â€â™‚ï¸";"lotus_position_man"
"ğŸ§˜â€â™€ï¸";"lotus_position_woman"
"ğŸ›€";"banho, bambanho"
"ğŸ›Œ";"sleeping_bed"
"ğŸ§‘â€ğŸ¤â€ğŸ§‘";"people_holding_hands"
"ğŸ‘­";"two_women_holding_hands"
"ğŸ‘«";"casal"
"ğŸ‘¬";"two_men_holding_hands"
"ğŸ’";"casal"
"ğŸ‘©â€â¤ï¸â€ğŸ’‹â€ğŸ‘¨";"casal"
"ğŸ‘¨â€â¤ï¸â€ğŸ’‹â€ğŸ‘¨";"couplekiss_man_man"
"ğŸ‘©â€â¤ï¸â€ğŸ’‹â€ğŸ‘©";"couplekiss_woman_woman"
"ğŸ’‘";"casal com coracao"
"ğŸ‘©â€â¤ï¸â€ğŸ‘¨";"casal_com_ coracao_mulher_man"
"ğŸ‘¨â€â¤ï¸â€ğŸ‘¨";"couple_with_heart_man_man"
"ğŸ‘©â€â¤ï¸â€ğŸ‘©";"casal_com_coracao_de_mulher"
"ğŸ‘ª";"familia"
"ğŸ‘¨â€ğŸ‘©â€ğŸ‘¦";"familia"
"ğŸ‘¨â€ğŸ‘©â€ğŸ‘§";"familia"
"ğŸ‘¨â€ğŸ‘©â€ğŸ‘§â€ğŸ‘¦";"familia"
"ğŸ‘¨â€ğŸ‘©â€ğŸ‘¦â€ğŸ‘¦";"familia"
"ğŸ‘¨â€ğŸ‘©â€ğŸ‘§â€ğŸ‘§";"familia"
"ğŸ‘¨â€ğŸ‘¨â€ğŸ‘¦";"familia"
"ğŸ‘¨â€ğŸ‘¨â€ğŸ‘§";"familia"
"ğŸ‘¨â€ğŸ‘¨â€ğŸ‘§â€ğŸ‘¦";"familia"
"ğŸ‘¨â€ğŸ‘¨â€ğŸ‘¦â€ğŸ‘¦";"familia"
"ğŸ‘¨â€ğŸ‘¨â€ğŸ‘§â€ğŸ‘§";"familia"
"ğŸ‘©â€ğŸ‘©â€ğŸ‘¦";"familia"
"ğŸ‘©â€ğŸ‘©â€ğŸ‘§";"familia"
"ğŸ‘©â€ğŸ‘©â€ğŸ‘§â€ğŸ‘¦";"familia"
"ğŸ‘©â€ğŸ‘©â€ğŸ‘¦â€ğŸ‘¦";"familia"
"ğŸ‘©â€ğŸ‘©â€ğŸ‘§â€ğŸ‘§";"familia"
"ğŸ‘¨â€ğŸ‘¦";"familia"
"ğŸ‘¨â€ğŸ‘¦â€ğŸ‘¦";"familia"
"ğŸ‘¨â€ğŸ‘§";"familia"
"ğŸ‘¨â€ğŸ‘§â€ğŸ‘¦";"familia"
"ğŸ‘¨â€ğŸ‘§â€ğŸ‘§";"familia"
"ğŸ‘©â€ğŸ‘¦";"familia"
"ğŸ‘©â€ğŸ‘¦â€ğŸ‘¦";"familia"
"ğŸ‘©â€ğŸ‘§";"familia"
"ğŸ‘©â€ğŸ‘§â€ğŸ‘¦";"familia"
"ğŸ‘©â€ğŸ‘§â€ğŸ‘§";"familia"
"ğŸ—£ï¸";"speaking_head"
"ğŸ‘¤";"bust_in_silhouette"
"ğŸ‘¥";"busts_in_silhouette"
"ğŸ‘£";"pegadas"
"ğŸµ";"macaco"
"ğŸ’";"macaco"
"ğŸ¦";"gorila"
"ğŸ¦§";"orangotango"
"ğŸ¶";"cachorro"
"ğŸ•";"cachorro"
"ğŸ¦®";"guide_dog"
"ğŸ•â€ğŸ¦º";"service_dog"
"ğŸ©";"poodle"
"ğŸº";"lobo"
"ğŸ¦Š";"raposa"
"ğŸ¦";"guaxinim"
"ğŸ±";"gato, gata, gatinho, gatinha"
"ğŸˆ";"gato, gata, gatinho, gatinha"
"ğŸ¦";"leao"
"ğŸ¯";"tigre"
"ğŸ…";"tigre"
"ğŸ†";"leopardo"
"ğŸ´";"cavalo"
"ğŸ";"cavalo"
"ğŸ¦„";"unicornio"
"ğŸ¦“";"zebra"
"ğŸ¦Œ";"cervo"
"ğŸ®";"vaca"
"ğŸ‚";"boi"
"ğŸƒ";"buffalo"
"ğŸ„";"vaca, gado"
"ğŸ·";"porco"
"ğŸ–";"porco"
"ğŸ—";"javali"
"ğŸ½";"porco"
"ğŸ";"ovelha"
"ğŸ‘";"ovelha"
"ğŸ";"cabra"
"ğŸª";"dromedario"
"ğŸ«";"camelo"
"ğŸ¦™";"lhama"
"ğŸ¦’";"girafa"
"ğŸ˜";"elefante"
"ğŸ¦";"rinoceronte"
"ğŸ¦›";"hipopotamo"
"ğŸ­";"rato, rata, ratinho, mickey"
"ğŸ";"rato, rata, ratinho, mickey"
"ğŸ€";"rato, rata, ratinho, mickey"
"ğŸ¹";"hamster"
"ğŸ°";"coelho"
"ğŸ‡";"coelho"
"ğŸ¿ï¸";"esquilo"
"ğŸ¦”";"ourico"
"ğŸ¦‡";"morcego"
"ğŸ»";"urso"
"ğŸ¨";"coala"
"ğŸ¼";"panda"
"ğŸ¦¥";"preguica"
"ğŸ¦¦";"lontra"
"ğŸ¦¨";"gamba"
"ğŸ¦˜";"canguru"
"ğŸ¦¡";"texugo"
"ğŸ¾";"pes, pegadas, patas, patinhas"
"ğŸ¦ƒ";"peru"
"ğŸ”";"frango, galinha"
"ğŸ“";"galo, galinha"
"ğŸ£";"pintinho, pinto, pintos, pintinhos"
"ğŸ¤";"pintinho, pinto, pintos, pintinhos"
"ğŸ¥";"pintinho, pinto, pintos, pintinhos"
"ğŸ¦";"passaro"
"ğŸ§";"pinguim"
"ğŸ•Šï¸";"pomba"
"ğŸ¦…";"aguia"
"ğŸ¦†";"pato"
"ğŸ¦¢";"cisne"
"ğŸ¦‰";"coruja"
"ğŸ¦©";"flamingo"
"ğŸ¦š";"pavao"
"ğŸ¦œ";"papagaio"
"ğŸ¸";"sapo"
"ğŸŠ";"crocodilo"
"ğŸ¢";"tartaruga"
"ğŸ¦";"lagarto"
"ğŸ";"cobra"
"ğŸ²";"dragao"
"ğŸ‰";"dragao"
"ğŸ¦•";"sauropode"
"ğŸ¦–";"t-rex, dinossauro"
"ğŸ³";"baleia"
"ğŸ‹";"baleia"
"ğŸ¬";"golfinho"
"ğŸŸ";"peixe"
"ğŸ ";"peixe"
"ğŸ¡";"baiacu"
"ğŸ¦ˆ";"tubarao"
"ğŸ™";"polvo"
"ğŸš";"shell"
"ğŸŒ";"caracol"
"ğŸ¦‹";"borboleta"
"ğŸ›";"inseto"
"ğŸœ";"formiga"
"ğŸ";"abelha"
"ğŸ";"joaninha"
"ğŸ¦—";"criquete"
"ğŸ•·ï¸";"aranha"
"ğŸ•¸ï¸";"teia, aranha"
"ğŸ¦‚";"escorpiao"
"ğŸ¦Ÿ";"mosquito"
"ğŸ¦ ";"microbio"
"ğŸ’";"buque"
"ğŸŒ¸";"cerejeira"
"ğŸ’®";"flor"
"ğŸµï¸";"roseta"
"ğŸŒ¹";"rosa"
"ğŸ¥€";"flor"
"ğŸŒº";"hibisco"
"ğŸŒ»";"girassol"
"ğŸŒ¼";"flor"
"ğŸŒ·";"tulipa"
"ğŸŒ±";"mudas"
"ğŸŒ²";"arvore, natal"
"ğŸŒ³";"arvore"
"ğŸŒ´";"palmeira, praia, coqueiro, arvore"
"ğŸŒµ";"cacto"
"ğŸŒ¾";"planta"
"ğŸŒ¿";"erva"
"â˜˜ï¸";"trevo"
"ğŸ€";"folha, trevo"
"ğŸ";"folha"
"ğŸ‚";"folha caida"
"ğŸƒ";"folhas"
"ğŸ‡";"uvas"
"ğŸˆ";"melao"
"ğŸ‰";"melancia"
"ğŸŠ";"tangerina"
"ğŸ‹";"limao"
"ğŸŒ";"banana"
"ğŸ";"abacaxi"
"ğŸ¥­";"manga"
"ğŸ";"maca"
"ğŸ";"maca verde"
"ğŸ";"pera"
"ğŸ‘";"pessego"
"ğŸ’";"cerejas"
"ğŸ“";"morango"
"ğŸ¥";"kiwi"
"ğŸ…";"tomate"
"ğŸ¥¥";"coco"
"ğŸ¥‘";"abacate"
"ğŸ†";"berinjela"
"ğŸ¥”";"batata"
"ğŸ¥•";"cenoura"
"ğŸŒ½";"milho"
"ğŸŒ¶ï¸";"pimenta"
"ğŸ¥’";"pepino"
"ğŸ¥¬";"leafy_green"
"ğŸ¥¦";"brocolis"
"ğŸ§„";"alho"
"ğŸ§…";"cebola"
"ğŸ„";"cogumelo"
"ğŸ¥œ";"amendoim"
"ğŸŒ°";"castanha"
"ğŸ";"pao"
"ğŸ¥";"croissant"
"ğŸ¥–";"baguete"
"ğŸ¥¨";"pretzel"
"ğŸ¥¯";"bagel"
"ğŸ¥";"panquecas"
"ğŸ§‡";"waffle"
"ğŸ§€";"queijo"
"ğŸ–";"carne"
"ğŸ—";"coxinha"
"ğŸ¥©";"carne"
"ğŸ¥“";"bacon"
"ğŸ”";"hamburguer"
"ğŸŸ";"batatas fritas"
"ğŸ•";"pizza"
"ğŸŒ­";"cachorro-quente"
"ğŸ¥ª";"sanduiche"
"ğŸŒ®";"taco"
"ğŸŒ¯";"burrito"
"ğŸ¥™";"stuffed_flatbread"
"ğŸ§†";"falafel"
"ğŸ¥š";"ovo"
"ğŸ³";"ovo"
"ğŸ¥˜";"comida"
"ğŸ²";"ensopado"
"ğŸ¥£";"sopa"
"ğŸ¥—";"salada"
"ğŸ¿";"pipoca"
"ğŸ§ˆ";"manteiga"
"ğŸ§‚";"sal"
"ğŸ¥«";"enlatada"
"ğŸ±";"bento"
"ğŸ˜";"arroz"
"ğŸ™";"arroz"
"ğŸš";"arroz"
"ğŸ›";"curry"
"ğŸœ";"ramen"
"ğŸ";"espaguete, macarrao, pasta, spaghetti"
"ğŸ ";"batata doce"
"ğŸ¢";"oden"
"ğŸ£";"sushi"
"ğŸ¤";"camarao"
"ğŸ¥";"bolinho de peixe"
"ğŸ¥®";"bolo"
"ğŸ¡";"dango"
"ğŸ¥Ÿ";"bolinho de massa"
"ğŸ¥ ";"cookie"
"ğŸ¥¡";"takeout_box"
"ğŸ¦€";"caranguejo"
"ğŸ¦";"lagosta"
"ğŸ¦";"camarao"
"ğŸ¦‘";"lula"
"ğŸ¦ª";"ostra"
"ğŸ¦";"sorvete"
"ğŸ§";"sorvete"
"ğŸ¨";"sorvete"
"ğŸ©";"rosquinha"
"ğŸª";"cookie"
"ğŸ‚";"aniversario"
"ğŸ°";"bolo"
"ğŸ§";"cupcake"
"ğŸ¥§";"torta"
"ğŸ«";"chocolate"
"ğŸ¬";"doce"
"ğŸ­";"pirulito"
"ğŸ®";"creme"
"ğŸ¯";"mel"
"ğŸ¼";"mamadeira"
"ğŸ¥›";"leite"
"â˜•";"cafe"
"ğŸµ";"cha"
"ğŸ¶";"amor"
"ğŸ¾";"champanhe"
"ğŸ·";"vinho"
"ğŸ¸";"coquetel"
"ğŸ¹";"bebida tropical"
"ğŸº";"cerveja"
"ğŸ»";"cervejas"
"ğŸ¥‚";"saude"
"ğŸ¥ƒ";"cop"
"ğŸ¥¤";"copo"
"ğŸ§ƒ";"drinks_box"
"ğŸ§‰";"companheiro"
"ğŸ§Š";"gelo, gelinho"
"ğŸ¥¢";"pauzinhos"
"ğŸ½ï¸";"plate_with_cutlery"
"ğŸ´";"fork_and_knife"
"ğŸ¥„";"colher"
"ğŸ”ª";"hocho"
"ğŸº";"anfora"
"ğŸŒ";"earth_africa"
"ğŸŒ";"earth_americas"
"ğŸŒ";"earth_asia"
"ğŸŒ";"globo_com_meridianos"
"ğŸ—ºï¸";"world_map"
"ğŸ—¾";"japao"
"ğŸ§­";"bussola"
"ğŸ”ï¸";"mountain_snow"
"â›°ï¸";"montanha"
"ğŸŒ‹";"vulcao"
"ğŸ—»";"mount_fuji"
"ğŸ•ï¸";"camping"
"ğŸ–ï¸";"beach_umbrella"
"ğŸœï¸";"deserto"
"ğŸï¸";"desert_island"
"ğŸï¸";"national_park"
"ğŸŸï¸";"estadio"
"ğŸ›ï¸";"classical_building"
"ğŸ—ï¸";"building_construction"
"ğŸ§±";"tijolos"
"ğŸ˜ï¸";"casas"
"ğŸšï¸";"derelict_house"
"ğŸ ";"casa"
"ğŸ¡";"casa_com_ jardim"
"ğŸ¢";"escritorio"
"ğŸ£";"agencia postal"
"ğŸ¤";"escritorio_politico_ europeu"
"ğŸ¥";"hospital"
"ğŸ¦";"banco"
"ğŸ¨";"hotel"
"ğŸ©";"love_hotel"
"ğŸª";"loja de conveniencia"
"ğŸ«";"escola"
"ğŸ¬";"department_store"
"ğŸ­";"fabrica"
"ğŸ¯";"castelo japones"
"ğŸ°";"castelo_ europeu"
"ğŸ’’";"casamento"
"ğŸ—¼";"tokyo_tower"
"ğŸ—½";"estatua_de_liberdade"
"â›ª";"igreja"
"ğŸ•Œ";"mesquita"
"ğŸ›•";"hindu_temple"
"ğŸ•";"sinagoga"
"â›©ï¸";"shinto_shrine"
"ğŸ•‹";"kaaba"
"â›²";"fonte"
"â›º";"tenda"
"ğŸŒ";"nebuloso"
"ğŸŒƒ";"noite_com_ estrelas"
"ğŸ™ï¸";"paisagem urbana"
"ğŸŒ„";"sunrise_over_mountains"
"ğŸŒ…";"nascer do sol"
"ğŸŒ†";"city_sunset"
"ğŸŒ‡";"city_sunrise"
"ğŸŒ‰";"bridge_at_night"
"â™¨ï¸";"hotsprings"
"ğŸ ";"carrossel_horse"
"ğŸ¡";"ferris_wheel"
"ğŸ¢";"roller_coaster"
"ğŸ’ˆ";"barbeiro"
"ğŸª";"circus_tent"
"ğŸš‚";"steam_locomotive"
"ğŸšƒ";"railway_car"
"ğŸš„";"bullettrain_side"
"ğŸš…";"bullettrain_front"
"ğŸš†";"train2"
"ğŸš‡";"metro"
"ğŸšˆ";"light_rail"
"ğŸš‰";"estacao"
"ğŸšŠ";"bonde"
"ğŸš";"monotrilho"
"ğŸš";"trilho da montanha"
"ğŸš‹";"trem"
"ğŸšŒ";"onibus"
"ğŸš";"oncoming_bus"
"ğŸš";"trolebus"
"ğŸš";"microonibus"
"ğŸš‘";"ambulancia"
"ğŸš’";"fire_engine"
"ğŸš“";"police_car"
"ğŸš”";"oncoming_police_car"
"ğŸš•";"taxi"
"ğŸš–";"oncoming_taxi"
"ğŸš—";"carro"
"ğŸš˜";"oncoming_automobile"
"ğŸš™";"blue_car"
"ğŸšš";"caminhao"
"ğŸš›";"articulated_lorry"
"ğŸšœ";"trator"
"ğŸï¸";"carro de corrida"
"ğŸï¸";"motocicleta"
"ğŸ›µ";"motor_scooter"
"ğŸ¦½";"cadeira de rodas manual"
"ğŸ¦¼";"cadeira de rodas motorizada"
"ğŸ›º";"auto_rickshaw"
"ğŸš²";"bicicleta"
"ğŸ›´";"kick_scooter"
"ğŸ›¹";"skate"
"ğŸš";"ponto de onibus"
"ğŸ›£ï¸";"auto-estrada"
"ğŸ›¤ï¸";"railway_track"
"ğŸ›¢ï¸";"oil_drum"
"â›½";"bomba de combustivel"
"ğŸš¨";"rotating_light"
"ğŸš¥";"semaforo"
"ğŸš¦";"vertical_traffic_light"
"ğŸ›‘";"stop_sign"
"ğŸš§";"construcao"
"âš“";"ancora"
"â›µ";"barco"
"ğŸ›¶";"canoa"
"ğŸš¤";"lancha"
"ğŸ›³ï¸";"passenger_ship"
"â›´ï¸";"balsa"
"ğŸ›¥ï¸";"barco a motor"
"ğŸš¢";"navio"
"âœˆï¸";"aviao"
"ğŸ›©ï¸";"small_airplane"
"ğŸ›«";"flight_departure"
"ğŸ›¬";"flight_arrival"
"ğŸª‚";"para-quedas"
"ğŸ’º";"assento"
"ğŸš";"helicoptero"
"ğŸšŸ";"suspensao_ferro"
"ğŸš ";"mountain_cableway"
"ğŸš¡";"aerial_tramway"
"ğŸ›°ï¸";"artificial_satellite"
"ğŸš€";"foguete"
"ğŸ›¸";"flying_saucer"
"ğŸ›ï¸";"bellhop_bell"
"ğŸ§³";"bagagem"
"âŒ›";"ampulheta"
"â³";"ampulheta_flowing_sand"
"âŒš";"assistir"
"â°";"relogio, alarme, acorda"
"â±ï¸";"cronometro"
"â²ï¸";"timer_clock"
"ğŸ•°ï¸";"mantelpiece_clock"
"ğŸ•›";"horas, relogio"
"ğŸ•§";"relogio, alarme, acorda"
"ğŸ•";"relogio, alarme, acorda"
"ğŸ•œ";"relogio, alarme, acorda"
"ğŸ•‘";"relogio, alarme, acorda"
"ğŸ•";"relogio, alarme, acorda"
"ğŸ•’";"relogio, alarme, acorda"
"ğŸ•";"relogio, alarme, acorda"
"ğŸ•“";"relogio, alarme, acorda"
"ğŸ•Ÿ";"relogio, alarme, acorda"
"ğŸ•”";"relogio, alarme, acorda"
"ğŸ• ";"relogio, alarme, acorda"
"ğŸ••";"relogio, alarme, acorda"
"ğŸ•¡";"relogio, alarme, acorda"
"ğŸ•–";"relogio, alarme, acorda"
"ğŸ•¢";"relogio, alarme, acorda"
"ğŸ•—";"relogio, alarme, acorda"
"ğŸ•£";"relogio, alarme, acorda"
"ğŸ•˜";"relogio, alarme, acorda"
"ğŸ•¤";"relogio, alarme, acorda"
"ğŸ•™";"relogio, alarme, acorda"
"ğŸ•¥";"relogio, alarme, acorda"
"ğŸ•š";"relogio, alarme, acorda"
"ğŸ•¦";"relogio, alarme, acorda"
"ğŸŒ‘";"new_moon"
"ğŸŒ’";"waxing_crescent_moon"
"ğŸŒ“";"first_quarter_moon"
"ğŸŒ”";"lua"
"ğŸŒ•";"lua cheia"
"ğŸŒ–";"waning_gibbous_moon"
"ğŸŒ—";"last_quarter_moon"
"ğŸŒ˜";"waning_crescent_moon"
"ğŸŒ™";"lua crescente"
"ğŸŒš";"new_moon_with_face"
"ğŸŒ›";"first_quarter_moon_with_face"
"ğŸŒœ";"last_quarter_moon_with_face"
"ğŸŒ¡ï¸";"termometro"
"â˜€ï¸";"ensolarado"
"ğŸŒ";"lua-cheia_com_face"
"ğŸŒ";"sun_with_face"
"ğŸª";"ringed_planet"
"â­";"estrela"
"ğŸŒŸ";"estrela2"
"ğŸŒ ";"estrelas"
"ğŸŒŒ";"via lactea"
"â˜ï¸";"nuvem"
"â›…";"partly_sunny"
"â›ˆï¸";"cloud_with_lightning_and_rain"
"ğŸŒ¤ï¸";"sun_behind_small_cloud"
"ğŸŒ¥ï¸";"sun_behind_large_cloud"
"ğŸŒ¦ï¸";"sun_behind_rain_cloud"
"ğŸŒ§ï¸";"cloud_with_rain"
"ğŸŒ¨ï¸";"cloud_with_snow"
"ğŸŒ©ï¸";"cloud_with_lightning"
"ğŸŒªï¸";"tornado"
"ğŸŒ«ï¸";"neblina"
"ğŸŒ¬ï¸";"wind_face"
"ğŸŒ€";"ciclone"
"ğŸŒˆ";"arco-iris"
"ğŸŒ‚";"closed_umbrella"
"â˜‚ï¸";"open_umbrella"
"â˜”";"guarda-chuva"
"â›±ï¸";"parasol_on_ground"
"âš¡";"zap"
"â„ï¸";"floco de neve"
"â˜ƒï¸";"boneco de neve com neve"
"â›„";"boneco de neve"
"â˜„ï¸";"cometa"
"ğŸ”¥";"fogo"
"ğŸ’§";"goticula"
"ğŸŒŠ";"oceano"
"ğŸƒ";"jack_o_lantern"
"ğŸ„";"arvore de natal"
"ğŸ†";"fogos de artificio"
"ğŸ‡";"sparkler"
"ğŸ§¨";"fogos de artificio"
"âœ¨";"brilhos"
"ğŸˆ";"balao"
"ğŸ‰";"tada"
"ğŸŠ";"bola de confete"
"ğŸ‹";"tanabata_tree"
"ğŸ";"bambu"
"ğŸ";"bonecas"
"ğŸ";"sinalizadores"
"ğŸ";"wind_chime"
"ğŸ‘";"rice_scene"
"ğŸ§§";"red_envelope"
"ğŸ€";"fita"
"ğŸ";"presente"
"ğŸ—ï¸";"reminder_ribbon"
"ğŸŸï¸";"tickets"
"ğŸ«";"ticket"
"ğŸ–ï¸";"medal_military"
"ğŸ†";"trofeu"
"ğŸ…";"medal_sports"
"ğŸ¥‡";"1st_place_medal"
"ğŸ¥ˆ";"2nd_place_medal"
"ğŸ¥‰";"3rd_place_medal"
"âš½";"futebol"
"âš¾";"beisebol"
"ğŸ¥";"softbol"
"ğŸ€";"basquete"
"ğŸ";"volei"
"ğŸˆ";"americano"
"ğŸ‰";"rugby_football"
"ğŸ¾";"tenis"
"ğŸ¥";"flying_disc"
"ğŸ³";"boliche"
"ğŸ";"cricket_game"
"ğŸ‘";"field_hockey"
"ğŸ’";"hoquei no gelo"
"ğŸ¥";"lacrosse"
"ğŸ“";"ping_pong"
"ğŸ¸";"badminton"
"ğŸ¥Š";"boxing_glove"
"ğŸ¥‹";"martial_arts_uniform"
"ğŸ¥…";"goal_net"
"â›³";"golfe"
"â›¸ï¸";"ice_skate"
"ğŸ£";"fishing_pole_and_fish"
"ğŸ¤¿";"diving_mask"
"ğŸ½";"running_shirt_with_sash"
"ğŸ¿";"ski"
"ğŸ›·";"treno"
"ğŸ¥Œ";"curling_stone"
"ğŸ¯";"dardo"
"ğŸª€";"yo_yo"
"ğŸª";"pipa"
"ğŸ±";"bola 8"
"ğŸ”®";"bola de cristal"
"ğŸ§¿";"nazar_amulet"
"ğŸ®";"video_game"
"ğŸ•¹ï¸";"joystick"
"ğŸ°";"slot_machine"
"ğŸ²";"game_die"
"ğŸ§©";"quebra-cabecas"
"ğŸ§¸";"teddy_bear"
"â™  ï¸";"espadas"
"â™¥ ï¸";"coracoes"
"â™¦ ï¸";"diamantes"
"â™£ ï¸";"clubes"
"â™Ÿï¸";"chess_pawn"
"ğŸƒ";"black_joker"
"ğŸ€„";"mahjong"
"ğŸ´";"flower_playing_cards"
"ğŸ­";"performing_arts"
"ğŸ–¼ï¸";"framed_picture"
"ğŸ¨";"arte"
"ğŸ§µ";"thread"
"ğŸ§¶";"fio"
"ğŸ‘“";"oculos"
"ğŸ•¶ï¸";"oculos escuros"
"ğŸ¥½";"oculos de protecao"
"ğŸ¥¼";"lab_coat"
"ğŸ¦º";"safety_vest"
"ğŸ‘”";"gravata"
"ğŸ‘•";"camisa"
"ğŸ‘–";"jeans"
"ğŸ§£";"cachecol"
"ğŸ§¤";"luvas"
"ğŸ§¥";"casaco"
"ğŸ§¦";"meias"
"ğŸ‘—";"vestido"
"ğŸ‘˜";"quimono"
"ğŸ¥»";"sari"
"ğŸ©±";"one_piece_swimsuit"
"ğŸ©²";"swim_brief"
"ğŸ©³";"shorts"
"ğŸ‘™";"biquini"
"ğŸ‘š";"roupas de mulher"
"ğŸ‘›";"bolsa"
"ğŸ‘œ";"bolsa"
"ğŸ‘";"bolsa"
"ğŸ›ï¸";"compras"
"ğŸ’";"school_satchel"
"ğŸ‘";"mans_shoe"
"ğŸ‘Ÿ";"athletic_shoe"
"ğŸ¥¾";"hiking_boot"
"ğŸ¥¿";"flat_shoe"
"ğŸ‘ ";"high_heel"
"ğŸ‘¡";"sandalia"
"ğŸ©°";"ballet_shoes"
"ğŸ‘¢";"boot"
"ğŸ‘‘";"coroa"
"ğŸ‘’";"womans_hat"
"ğŸ©";"tophat"
"ğŸ“";"mortar_board"
"ğŸ§¢";"billed_cap"
"â›‘ï¸";"rescue_worker_helmet"
"ğŸ“¿";"prayer_beads"
"ğŸ’„";"batom"
"ğŸ’";"anel"
"ğŸ’";"joia"
"ğŸ”‡";"mudo"
"ğŸ”ˆ";"orador"
"ğŸ”‰";"som"
"ğŸ”Š";"loud_sound"
"ğŸ“¢";"alto-falante"
"ğŸ“£";"mega"
"ğŸ“¯";"postal_horn"
"ğŸ””";"sino"
"ğŸ”•";"no_bell"
"ğŸ¼";"musical_score"
"ğŸµ";"nota musical"
"ğŸ¶";"notas"
"ğŸ™ï¸";"studio_microphone"
"ğŸšï¸";"level_slider"
"ğŸ›ï¸";"control_knobs"
"ğŸ¤";"microfone"
"ğŸ§";"fones de ouvido"
"ğŸ“»";"radio"
"ğŸ·";"saxofone"
"ğŸ¸";"violao"
"ğŸ¹";"teclado_ musical"
"ğŸº";"trompete"
"ğŸ»";"violino"
"ğŸª•";"banjo"
"ğŸ¥";"tambor"
"ğŸ“±";"iphone"
"ğŸ“²";"chamando"
"â˜ï¸";"telefone"
"ğŸ“";"phone_receiver"
"ğŸ“Ÿ";"pager"
"ğŸ“ ";"fax"
"ğŸ”‹";"bateria"
"ğŸ”Œ";"plugue_ eletrico"
"ğŸ’»";"computador"
"ğŸ–¥ï¸";"desktop_computer"
"ğŸ–¨ï¸";"impressora"
"âŒ¨ï¸";"teclado"
"ğŸ–±ï¸";"computer_mouse"
"ğŸ–²ï¸";"trackball"
"ğŸ’½";"minidisc"
"ğŸ’¾";"floppy_disk"
"ğŸ’¿";"cd"
"ğŸ“€";"dvd"
"ğŸ§®";"abaco"
"ğŸ¥";"camera_camera"
"ğŸï¸";"film_strip"
"ğŸ“½ï¸";"film_projector"
"ğŸ¬";"badalo"
"ğŸ“º";"tv"
"ğŸ“·";"camera"
"ğŸ“¸";"camera_flash"
"ğŸ“¹";"camera de video"
"ğŸ“¼";"vhs"
"ğŸ”";"mag"
"ğŸ”";"mag_right"
"ğŸ•¯ï¸";"vela"
"ğŸ’¡";"bulbo"
"ğŸ”¦";"lanterna"
"ğŸ®";"izakaya_lantern"
"ğŸª”";"diya_lamp"
"ğŸ“”";"notebook_with_decorative_cover"
"ğŸ“•";"closed_book"
"ğŸ“–";"livro"
"ğŸ“—";"green_book"
"ğŸ“˜";"blue_book"
"ğŸ“™";"orange_book"
"ğŸ“š";"livros"
"ğŸ““";"caderno"
"ğŸ“’";"razao"
"ğŸ“ƒ";"page_with_curl"
"ğŸ“œ";"rolagem"
"ğŸ“„";"page_facing_up"
"ğŸ“°";"jornal"
"ğŸ—ï¸";"newspaper_roll"
"ğŸ“‘";"bookmark_tabs"
"ğŸ”–";"marcador"
"ğŸ·ï¸";"label"
"ğŸ’°";"bolsa de dinheiro"
"ğŸ’´";"iene"
"ğŸ’µ";"dolar"
"ğŸ’¶";"euro"
"ğŸ’·";"libra"
"ğŸ’¸";"money_with_wings"
"ğŸ’³";"cartao de credito"
"ğŸ§¾";"recibo"
"ğŸ’¹";"grafico"
"ğŸ’±";"exchange_exchange"
"ğŸ’²";"heavy_dollar_sign"
"âœ‰ï¸";"email"
"ğŸ“§";"email"
"ğŸ“¨";"incoming_envelope"
"ğŸ“©";"envelope_com_ estreito"
"ğŸ“¤";"caixa de saida"
"ğŸ“¥";"caixa-de-entrada"
"ğŸ“¦";"pacote"
"ğŸ“«";"caixa de correio"
"ğŸ“ª";"mailbox_closed"
"ğŸ“¬";"mailbox_with_mail"
"ğŸ“­";"caixa_de_com_no_mail"
"ğŸ“®";"caixa postal"
"ğŸ—³ï¸";"ballot_box"
"âœï¸";"pencil2"
"âœ’ï¸";"black_nib"
"ğŸ–‹ï¸";"fountain_pen"
"ğŸ–Šï¸";"caneta"
"ğŸ–Œï¸";"pincel"
"ğŸ–ï¸";"giz de cera"
"ğŸ“";"memorando"
"ğŸ’¼";"maleta"
"ğŸ“";"pasta_do_arquivo"
"ğŸ“‚";"open_file_folder"
"ğŸ—‚ï¸";"card_index_dividers"
"ğŸ“…";"data"
"ğŸ“†";"calendario"
"ğŸ—’ï¸";"spiral_notepad"
"ğŸ—“ï¸";"spiral_calendar"
"ğŸ“‡";"card_index"
"ğŸ“ˆ";"chart_with_upwards_trend"
"ğŸ“‰";"chart_with_downwards_trend"
"ğŸ“Š";"grafico de barras"
"ğŸ“‹";"area de transferencia"
"ğŸ“Œ";"alfinete"
"ğŸ“";"round_pushpin"
"ğŸ“";"clipe de papel"
"ğŸ–‡ï¸";"clipes de papel"
"ğŸ“";"regua reta"
"ğŸ“";"triangular_ruler"
"âœ‚ï¸";"tesoura"
"ğŸ—ƒï¸";"card_file_box"
"ğŸ—„ï¸";"file_cabinet"
"ğŸ—‘ï¸";"cesto de lixo"
"ğŸ”’";"bloquear"
"ğŸ”“";"unlock"
"ğŸ”";"lock_with_ink_pen"
"ğŸ”";"closed_lock_with_key"
"ğŸ”‘";"chave"
"ğŸ—ï¸";"old_key"
"ğŸ”¨";"martelo"
"ğŸª“";"machado"
"â›ï¸";"pick"
"âš’ï¸";"hammer_and_pick"
"ğŸ› ï¸";"hammer_and_wrench"
"ğŸ—¡ï¸";"punhal"
"âš”ï¸";"espadas cruzadas"
"ğŸ”«";"arma"
"ğŸ¹";"bow_and_arrow"
"ğŸ›¡ï¸";"escudo"
"ğŸ”§";"chave inglesa"
"ğŸ”©";"nut_and_bolt"
"âš™ï¸";"artes"
"ğŸ—œï¸";"bracadeira"
"âš–ï¸";"balance_scale"
"ğŸ¦¯";"probing_cane"
"ğŸ”—";"link"
"â›“ï¸";"correntes"
"ğŸ§°";"caixa de ferramentas"
"ğŸ§²";"ima"
"âš—ï¸";"alambique"
"ğŸ§ª";"tubo de teste"
"ğŸ§«";"petri_dish"
"ğŸ§¬";"dna"
"ğŸ”¬";"microscopio"
"ğŸ”­";"telescopio"
"ğŸ“¡";"satelite"
"ğŸ’‰";"seringa"
"ğŸ©¸";"drop_of_blood"
"ğŸ’Š";"pilula"
"ğŸ©¹";"bandagem adesiva"
"ğŸ©º";"estetoscopio"
"ğŸšª";"porta"
"ğŸ›ï¸";"cama"
"ğŸ›‹ï¸";"couch_and_lamp"
"ğŸª‘";"cadeira"
"ğŸš½";"banheiro"
"ğŸš¿";"chuveiro"
"ğŸ›";"banheira"
"ğŸª’";"navalha"
"ğŸ§´";"lotion_bottle"
"ğŸ§·";"safety_pin"
"ğŸ§¹";"vassoura"
"ğŸ§º";"cesta"
"ğŸ§»";"roll_of_paper"
"ğŸ§¼";"sabao"
"ğŸ§½";"esponja"
"ğŸ§¯";"fire_extinguisher"
"ğŸ›’";"shopping_cart"
"ğŸš¬";"fumar"
"âš°ï¸";"caixao"
"âš±ï¸";"funeral_urn"
"ğŸ—¿";"moyai"
"ğŸ§";"atm"
"ğŸš®";"put_litter_in_its_place"
"ğŸš°";"potable_water"
"â™¿";"cadeira de rodas"
"ğŸš¹";"mens"
"ğŸšº";"mulheres"
"ğŸš»";"banheiro"
"ğŸš¼";"simbolo de bebe"
"ğŸš¾";"wc"
"ğŸ›‚";"passport_control"
"ğŸ›ƒ";"costumes"
"ğŸ›„";"baggage_claim"
"ğŸ›…";"bagagem_querda"
"âš ï¸";"aviso"
"ğŸš¸";"children_crossing"
"â›”";"no_entry"
"ğŸš«";"no_entry_sign"
"ğŸš³";"no_bicycles"
"ğŸš­";"no_smoking"
"ğŸš¯";"do_not_litter"
"ğŸš±";"agua nao potavel"
"ğŸš·";"no_pedestrians"
"ğŸ“µ";"no_mobile_phones"
"ğŸ”";"menor de idade"
"â˜¢ï¸";"radioativo"
"â˜£ï¸";"risco biologico"
"â¬†ï¸";"arrow_up"
"â†—ï¸";"arrow_upper_right"
"â¡ï¸";"arrow_right"
"â†˜ï¸";"arrow_lower_right"
"â¬‡ï¸";"arrow_down"
"â†™ï¸";"arrow_lower_left"
"â¬…ï¸";"arrow_left"
"â†–ï¸";"arrow_upper_left"
"â†•ï¸";"arrow_up_down"
"â†”ï¸";"left_right_arrow"
"â†©ï¸";"leftwards_arrow_with_hook"
"â†ªï¸";"arrow_right_hook"
"â¤´ï¸";"arrow_heading_up"
"â¤µï¸";"arrow_heading_down"
"ğŸ”ƒ";"setas_clockwise"
"ğŸ”„";"arrows_counterclockwise"
"ğŸ”™";"voltar"
"ğŸ”š";"end"
"ğŸ”›";"on"
"ğŸ”œ";"em breve"
"ğŸ”";"top"
"ğŸ›";"local_de_ adoracao"
"âš›ï¸";"atom_symbol"
"ğŸ•‰ï¸";"om"
"âœ¡ï¸";"star_of_david"
"â˜¸ï¸";"wheel_of_dharma"
"â˜¯ï¸";"yin_yang"
"âœï¸";"latin_cross"
"â˜¦ï¸";"orthodox_cross"
"â˜ªï¸";"estrela_e_crescente"
"â˜®ï¸";"simbolo da paz"
"ğŸ•";"menora"
"ğŸ”¯";"six_pointed_star"
"â™ˆ";"aries"
"â™‰";"touro"
"â™Š";"gemini"
"â™‹";"cancer"
"â™Œ";"leo"
"â™";"virgem"
"â™";"libra"
"â™";"escorpius"
"â™";"sagitario"
"â™‘";"capricornio"
"â™’";"aquario"
"â™“";"peixes"
"â›";"ophiuchus"
"ğŸ”€";"twisted_rightwards_arrows"
"ğŸ”";"repita"
"ğŸ”‚";"repeat_one"
"â–¶ ï¸";"arrow_forward"
"â©";"fast_forward"
"â­ï¸";"next_track_button"
"â¯ï¸";"play_or_pause_button"
"â—€ ï¸";"arrow_backward"
"âª";"retroceder"
"â®ï¸";"previous_track_button"
"ğŸ”¼";"arrow_up_small"
"â«";"arrow_double_up"
"ğŸ”½";"arrow_down_small"
"â¬";"arrow_double_down"
"â¸ï¸";"pause_button"
"â¹ï¸";"stop_button"
"âºï¸";"record_button"
"âï¸";"eject_button"
"ğŸ¦";"cinema"
"ğŸ”…";"baixo_brilho"
"ğŸ”†";"alto_brilho"
"ğŸ“¶";"signal_strength"
"ğŸ“³";"vibration_mode"
"ğŸ“´";"mobile_phone_off"
"â™€ï¸";"female_sign"
"â™‚ï¸";"male_sign"
"âš•ï¸";"simbolo_ medico"
"â™¾ï¸";"infinito"
"â™»ï¸";"reciclar"
"âšœï¸";"fleur_de_lis"
"ğŸ”±";"tridente"
"ğŸ“›";"name_badge"
"ğŸ”°";"iniciante"
"â­•";"circulo"
"âœ…";"white_check_mark"
"â˜‘ï¸";"ballot_box_with_check"
"âœ”ï¸";"heavy_check_mark"
"âœ–ï¸";"heavy_multiplication_x"
"âŒ";"x"
"â";"negative_squared_cross_mark"
"â•";"heavy_plus_sign"
"â—";"heavy_division_sign"
"â°";"curly_loop"
"â¿";"loop"
"ã€½ï¸";"part_alternation_mark"
"âœ³ï¸";"eight_spoked_asterisk"
"âœ´ï¸";"eight_pointed_black_star"
"â‡ï¸";"sparkle"
"â€¼ ï¸";"bangbang"
"â‰ï¸";"interrobang"
"â“";"pergunta"
"â”";"grey_question"
"â•";"grey_exclamation"
"â—";"exclamacao"
"ã€°ï¸";"wavy_dash"
"Â© ï¸";"copyright"
"Â®ï¸";"registrado"
"â„¢ ï¸";"tm"
"# ï¸âƒ£";"hash"
"* ï¸âƒ£";"asterisco"
"0ï¸âƒ£";"zero"
"1ï¸âƒ£";"one"
"2ï¸âƒ£";"dois"
"3ï¸âƒ£";"tres"
"4ï¸âƒ£";"four"
"5ï¸âƒ£";"cinco"
"6ï¸âƒ£";"seis"
"7ï¸âƒ£";"sete"
"8ï¸âƒ£";"oito"
"9ï¸âƒ£";"nine"
"ğŸ”Ÿ";"keycap_ten"
"ğŸ” ";"capital_abcd"
"ğŸ”¡";"abcd"
"ğŸ”¢";"1234"
"ğŸ”£";"simbolos"
"ğŸ”¤";"abc"
"ğŸ…°ï¸";"a"
"ğŸ†";"ab"
"ğŸ…±ï¸";"b"
"ğŸ†‘";"cl"
"ğŸ†’";"legal"
"ğŸ†“";"gratis"
"â„¹ï¸";"information_source"
"ğŸ†”";"id"
"â“‚ï¸";"m"
"ğŸ†•";"novo"
"ğŸ†–";"ng"
"ğŸ…¾ï¸";"o2"
"ğŸ†—";"ok"
"ğŸ…¿ï¸";"estacionamento"
"ğŸ†˜";"sos"
"ğŸ†™";"up"
"ğŸ†š";"vs"
"ğŸˆ";"koko"
"ğŸˆ‚ï¸";"sa"
"ğŸˆ·ï¸";"u6708"
"ğŸˆ¶";"u6709"
"ğŸˆ¯";"u6307"
"ğŸ‰";"ideograph_advantage"
"ğŸˆ¹";"u5272"
"ğŸˆš";"u7121"
"ğŸˆ²";"u7981"
"ğŸ‰‘";"aceite"
"ğŸˆ¸";"u7533"
"ğŸˆ´";"u5408"
"ğŸˆ³";"u7a7a"
"ãŠ—ï¸";"parabens"
"ãŠ™ï¸";"segredo"
"ğŸˆº";"u55b6"
"ğŸˆµ";"u6e80"
"ğŸ”´";"red_circle"
"ğŸŸ ";"orange_circle"
"ğŸŸ¡";"yellow_circle"
"ğŸŸ¢";"green_circle"
"ğŸ”µ";"large_blue_circle"
"ğŸŸ£";"purple_circle"
"ğŸŸ¤";"brown_circle"
"âš«";"black_circle"
"âšª";"white_circle"
"ğŸŸ¥";"red_square"
"ğŸŸ§";"orange_square"
"ğŸŸ¨";"quadrado amarelo"
"ğŸŸ©";"green_square"
"ğŸŸ¦";"blue_square"
"ğŸŸª";"purple_square"
"ğŸŸ«";"brown_square"
"â¬›";"black_large_square"
"â¬œ";"white_large_square"
"â—¼ï¸";"black_medium_square"
"â—»ï¸";"white_medium_square"
"â—¾";"black_medium_small_square"
"â—½";"white_medium_small_square"
"â–ªï¸";"black_small_square"
"â–«ï¸";"white_small_square"
"ğŸ”¶";"large_orange_diamond"
"ğŸ”·";"large_blue_diamond"
"ğŸ”¸";"small_orange_diamond"
"ğŸ”¹";"small_blue_diamond"
"ğŸ”º";"small_red_triangle"
"ğŸ”»";"small_red_triangle_down"
"ğŸ’ ";"diamond_shape_with_a_dot_inside"
"ğŸ”˜";"radio_button"
"ğŸ”³";"white_square_button"
"ğŸ”²";"black_square_button"
"ğŸ";"checkered_flag"
"ğŸš©";"triangular_flag_on_post"
"ğŸŒ";"cross_flags"
"ğŸ´";"pais de gales"
"ğŸ³ï¸";"white_flag"
"ğŸ³ï¸â€ğŸŒˆ";"rainbow_flag"
"ğŸ´â€â˜ ï¸";"pirate_flag"
"ğŸ‡¦ğŸ‡¨";"ascension_island"
"ğŸ‡¦ğŸ‡©";"andorra"
"ğŸ‡¦ğŸ‡ª";"united_arab_emirates"
"ğŸ‡¦ğŸ‡«";"afeganistao"
"ğŸ‡¦ğŸ‡¬";"antigua_barbuda"
"ğŸ‡¦ğŸ‡®";"anguilla"
"ğŸ‡¦ğŸ‡±";"albania"
"ğŸ‡¦ğŸ‡²";"armenia"
"ğŸ‡¦ğŸ‡´";"angola"
"ğŸ‡¦ğŸ‡¶";"antartica"
"ğŸ‡¦ğŸ‡·";"argentina"
"ğŸ‡¦ğŸ‡¸";"american_samoa"
"ğŸ‡¦ğŸ‡¹";"austria"
"ğŸ‡¦ğŸ‡º";"australia"
"ğŸ‡¦ğŸ‡¼";"aruba"
"ğŸ‡¦ğŸ‡½";"aland_islands"
"ğŸ‡¦ğŸ‡¿";"azerbaijao"
"ğŸ‡§ğŸ‡¦";"bosnia_herzegovina"
"ğŸ‡§ğŸ‡§";"barbados"
"ğŸ‡§ğŸ‡©";"bangladesh"
"ğŸ‡§ğŸ‡ª";"belgica"
"ğŸ‡§ğŸ‡«";"burkina_faso"
"ğŸ‡§ğŸ‡¬";"bulgaria"
"ğŸ‡§ğŸ‡­";"bahrain"
"ğŸ‡§ğŸ‡®";"burundi"
"ğŸ‡§ğŸ‡¯";"benin"
"ğŸ‡§ğŸ‡±";"st_barthelemy"
"ğŸ‡§ğŸ‡²";"bermuda"
"ğŸ‡§ğŸ‡³";"brunei"
"ğŸ‡§ğŸ‡´";"bolivia"
"ğŸ‡§ğŸ‡¶";"caribbean_netherlands"
"ğŸ‡§ğŸ‡·";"brasil"
"ğŸ‡§ğŸ‡¸";"bahamas"
"ğŸ‡§ğŸ‡¹";"butao"
"ğŸ‡§ğŸ‡»";"bouvet_island"
"ğŸ‡§ğŸ‡¼";"botsuana"
"ğŸ‡§ğŸ‡¾";"bielorrussia"
"ğŸ‡§ğŸ‡¿";"belize"
"ğŸ‡¨ğŸ‡¦";"canada"
"ğŸ‡¨ğŸ‡¨";"cocos_islands"
"ğŸ‡¨ğŸ‡©";"congo_kinshasa"
"ğŸ‡¨ğŸ‡«";"central_african_republic"
"ğŸ‡¨ğŸ‡¬";"congo_brazzaville"
"ğŸ‡¨ğŸ‡­";"suica"
"ğŸ‡¨ğŸ‡®";"costa do marfim"
"ğŸ‡¨ğŸ‡°";"cook_islands"
"ğŸ‡¨ğŸ‡±";"chile"
"ğŸ‡¨ğŸ‡²";"camaroes"
"ğŸ‡¨ğŸ‡³";"cn"
"ğŸ‡¨ğŸ‡´";"colombia"
"ğŸ‡¨ğŸ‡µ";"clipperton_island"
"ğŸ‡¨ğŸ‡·";"costa_rica"
"ğŸ‡¨ğŸ‡º";"cuba"
"ğŸ‡¨ğŸ‡»";"cape_verde"
"ğŸ‡¨ğŸ‡¼";"curacao"
"ğŸ‡¨ğŸ‡½";"christmas_island"
"ğŸ‡¨ğŸ‡¾";"chipre"
"ğŸ‡¨ğŸ‡¿";"czech_republic"
"ğŸ‡©ğŸ‡ª";"de"
"ğŸ‡©ğŸ‡¬";"diego_garcia"
"ğŸ‡©ğŸ‡¯";"djibouti"
"ğŸ‡©ğŸ‡°";"dinamarca"
"ğŸ‡©ğŸ‡²";"dominica"
"ğŸ‡©ğŸ‡´";"dominican_republic"
"ğŸ‡©ğŸ‡¿";"argelia"
"ğŸ‡ªğŸ‡¦";"ceuta_melilla"
"ğŸ‡ªğŸ‡¨";"equador"
"ğŸ‡ªğŸ‡ª";"estonia"
"ğŸ‡ªğŸ‡¬";"egito"
"ğŸ‡ªğŸ‡­";"western_sahara"
"ğŸ‡ªğŸ‡·";"eritreia"
"ğŸ‡ªğŸ‡¸";"es"
"ğŸ‡ªğŸ‡¹";"etiopia"
"ğŸ‡ªğŸ‡º";"europa"
"ğŸ‡«ğŸ‡®";"finlandia"
"ğŸ‡«ğŸ‡¯";"fiji"
"ğŸ‡«ğŸ‡°";"ilhas falkland"
"ğŸ‡«ğŸ‡²";"micronesia"
"ğŸ‡«ğŸ‡´";"faroe_islands"
"ğŸ‡«ğŸ‡·";"fr"
"ğŸ‡¬ğŸ‡¦";"gabao"
"ğŸ‡¬ğŸ‡§";"gb"
"ğŸ‡¬ğŸ‡©";"granada"
"ğŸ‡¬ğŸ‡ª";"georgia"
"ğŸ‡¬ğŸ‡«";"french_guiana"
"ğŸ‡¬ğŸ‡¬";"guernsey"
"ğŸ‡¬ğŸ‡­";"gana"
"ğŸ‡¬ğŸ‡®";"gibraltar"
"ğŸ‡¬ğŸ‡±";"gronelandia"
"ğŸ‡¬ğŸ‡²";"gambia"
"ğŸ‡¬ğŸ‡³";"guine"
"ğŸ‡¬ğŸ‡µ";"guadalupe"
"ğŸ‡¬ğŸ‡¶";"equatorial_guinea"
"ğŸ‡¬ğŸ‡·";"grecia"
"ğŸ‡¬ğŸ‡¸";"south_georgia_south_sandwich_islands"
"ğŸ‡¬ğŸ‡¹";"guatemala"
"ğŸ‡¬ğŸ‡º";"guam"
"ğŸ‡¬ğŸ‡¼";"guinea_bissau"
"ğŸ‡¬ğŸ‡¾";"guiana"
"ğŸ‡­ğŸ‡°";"hong_kong"
"ğŸ‡­ğŸ‡²";"ouvi_mcdonald_islands"
"ğŸ‡­ğŸ‡³";"honduras"
"ğŸ‡­ğŸ‡·";"croatia"
"ğŸ‡­ğŸ‡¹";"haiti"
"ğŸ‡­ğŸ‡º";"hungria"
"ğŸ‡®ğŸ‡¨";"ilhas canarias"
"ğŸ‡®ğŸ‡©";"indonesia"
"ğŸ‡®ğŸ‡ª";"irlanda"
"ğŸ‡®ğŸ‡±";"israel"
"ğŸ‡®ğŸ‡²";"ilha_de_man"
"ğŸ‡®ğŸ‡³";"india"
"ğŸ‡®ğŸ‡´";"british_indian_ocean_territory"
"ğŸ‡®ğŸ‡¶";"iraque"
"ğŸ‡®ğŸ‡·";"iran"
"ğŸ‡®ğŸ‡¸";"islandia"
"ğŸ‡®ğŸ‡¹";"it"
"ğŸ‡¯ğŸ‡ª";"camisa"
"ğŸ‡¯ğŸ‡²";"jamaica"
"ğŸ‡¯ğŸ‡´";"jordan"
"ğŸ‡¯ğŸ‡µ";"jp"
"ğŸ‡°ğŸ‡ª";"quenia"
"ğŸ‡°ğŸ‡¬";"quirguistao"
"ğŸ‡°ğŸ‡­";"cambodia"
"ğŸ‡°ğŸ‡®";"kiribati"
"ğŸ‡°ğŸ‡²";"comores"
"ğŸ‡°ğŸ‡³";"st_kitts_nevis"
"ğŸ‡°ğŸ‡µ";"coreia do norte"
"ğŸ‡°ğŸ‡·";"kr"
"ğŸ‡°ğŸ‡¼";"kuwait"
"ğŸ‡°ğŸ‡¾";"cayman_islands"
"ğŸ‡°ğŸ‡¿";"cazaquistao"
"ğŸ‡±ğŸ‡¦";"laos"
"ğŸ‡±ğŸ‡§";"libano"
"ğŸ‡±ğŸ‡¨";"st_lucia"
"ğŸ‡±ğŸ‡®";"liechtenstein"
"ğŸ‡±ğŸ‡°";"sri_lanka"
"ğŸ‡±ğŸ‡·";"liberia"
"ğŸ‡±ğŸ‡¸";"lesoto"
"ğŸ‡±ğŸ‡¹";"lituania"
"ğŸ‡±ğŸ‡º";"luxembourg"
"ğŸ‡±ğŸ‡»";"letonia"
"ğŸ‡±ğŸ‡¾";"libia"
"ğŸ‡²ğŸ‡¦";"marrocos"
"ğŸ‡²ğŸ‡¨";"monaco"
"ğŸ‡²ğŸ‡©";"moldova"
"ğŸ‡²ğŸ‡ª";"montenegro"
"ğŸ‡²ğŸ‡«";"st_martin"
"ğŸ‡²ğŸ‡¬";"madagascar"
"ğŸ‡²ğŸ‡­";"marshall_islands"
"ğŸ‡²ğŸ‡°";"macedonia"
"ğŸ‡²ğŸ‡±";"mali"
"ğŸ‡²ğŸ‡²";"myanmar"
"ğŸ‡²ğŸ‡³";"mongolia"
"ğŸ‡²ğŸ‡´";"macau"
"ğŸ‡²ğŸ‡µ";"northern_mariana_islands"
"ğŸ‡²ğŸ‡¶";"martinica"
"ğŸ‡²ğŸ‡·";"mauritania"
"ğŸ‡²ğŸ‡¸";"monserrate"
"ğŸ‡²ğŸ‡¹";"malta"
"ğŸ‡²ğŸ‡º";"mauritius"
"ğŸ‡²ğŸ‡»";"maldivas"
"ğŸ‡²ğŸ‡¼";"malawi"
"ğŸ‡²ğŸ‡½";"mexico"
"ğŸ‡²ğŸ‡¾";"â€‹â€‹malasia"
"ğŸ‡²ğŸ‡¿";"mocambique"
"ğŸ‡³ğŸ‡¦";"namibia"
"ğŸ‡³ğŸ‡¨";"new_caledonia"
"ğŸ‡³ğŸ‡ª";"niger"
"ğŸ‡³ğŸ‡«";"norfolk_island"
"ğŸ‡³ğŸ‡¬";"nigeria"
"ğŸ‡³ğŸ‡®";"nicaragua"
"ğŸ‡³ğŸ‡±";"holanda"
"ğŸ‡³ğŸ‡´";"noruega"
"ğŸ‡³ğŸ‡µ";"nepal"
"ğŸ‡³ğŸ‡·";"nauru"
"ğŸ‡³ğŸ‡º";"niue"
"ğŸ‡³ğŸ‡¿";"nova zelandia"
"ğŸ‡´ğŸ‡²";"oman"
"ğŸ‡µğŸ‡¦";"panama"
"ğŸ‡µğŸ‡ª";"peru"
"ğŸ‡µğŸ‡«";"polinesia francesa"
"ğŸ‡µğŸ‡¬";"papua_new_guinea"
"ğŸ‡µğŸ‡­";"filipinas"
"ğŸ‡µğŸ‡°";"paquistao"
"ğŸ‡µğŸ‡±";"polonia"
"ğŸ‡µğŸ‡²";"st_pierre_miquelon"
"ğŸ‡µğŸ‡³";"pitcairn_islands"
"ğŸ‡µğŸ‡·";"puerto_rico"
"ğŸ‡µğŸ‡¸";"territorios palestinos"
"ğŸ‡µğŸ‡¹";"portugal"
"ğŸ‡µğŸ‡¼";"palau"
"ğŸ‡µğŸ‡¾";"paraguai"
"ğŸ‡¶ğŸ‡¦";"qatar"
"ğŸ‡·ğŸ‡ª";"reuniao"
"ğŸ‡·ğŸ‡´";"romenia"
"ğŸ‡·ğŸ‡¸";"servia"
"ğŸ‡·ğŸ‡º";"ru"
"ğŸ‡·ğŸ‡¼";"ruanda"
"ğŸ‡¸ğŸ‡¦";"saudi_arabia"
"ğŸ‡¸ğŸ‡§";"solomon_islands"
"ğŸ‡¸ğŸ‡¨";"seychelles"
"ğŸ‡¸ğŸ‡©";"sudan"
"ğŸ‡¸ğŸ‡ª";"suecia"
"ğŸ‡¸ğŸ‡¬";"singapura"
"ğŸ‡¸ğŸ‡­";"st_helena"
"ğŸ‡¸ğŸ‡®";"eslovenia"
"ğŸ‡¸ğŸ‡¯";"svalbard_jan_mayen"
"ğŸ‡¸ğŸ‡°";"eslovaquia"
"ğŸ‡¸ğŸ‡±";"sierra_leone"
"ğŸ‡¸ğŸ‡²";"san_marino"
"ğŸ‡¸ğŸ‡³";"senegal"
"ğŸ‡¸ğŸ‡´";"somalia"
"ğŸ‡¸ğŸ‡·";"suriname"
"ğŸ‡¸ğŸ‡¸";"south_sudan"
"ğŸ‡¸ğŸ‡¹";"sao_tome_principe"
"ğŸ‡¸ğŸ‡»";"el_salvador"
"ğŸ‡¸ğŸ‡½";"sint_maarten"
"ğŸ‡¸ğŸ‡¾";"siria"
"ğŸ‡¸ğŸ‡¿";"suazilandia"
"ğŸ‡¹ğŸ‡¦";"tristan_da_cunha"
"ğŸ‡¹ğŸ‡¨";"turks_caicos_islands"
"ğŸ‡¹ğŸ‡©";"chad"
"ğŸ‡¹ğŸ‡«";"french_southern_territories"
"ğŸ‡¹ğŸ‡¬";"togo"
"ğŸ‡¹ğŸ‡­";"tailandia"
"ğŸ‡¹ğŸ‡¯";"tajiquistao"
"ğŸ‡¹ğŸ‡°";"tokelau"
"ğŸ‡¹ğŸ‡±";"timor_leste"
"ğŸ‡¹ğŸ‡²";"turquemenistao"
"ğŸ‡¹ğŸ‡³";"tunisia"
"ğŸ‡¹ğŸ‡´";"tonga"
"ğŸ‡¹ğŸ‡·";"tr"
"ğŸ‡¹ğŸ‡¹";"trinidad_tobago"
"ğŸ‡¹ğŸ‡»";"tuvalu"
"ğŸ‡¹ğŸ‡¼";"taiwan"
"ğŸ‡¹ğŸ‡¿";"tanzania"
"ğŸ‡ºğŸ‡¦";"ucrania"
"ğŸ‡ºğŸ‡¬";"uganda"
"ğŸ‡ºğŸ‡²";"us_outlying_islands"
"ğŸ‡ºğŸ‡³";"united_nations"
"ğŸ‡ºğŸ‡¸";"nos"
"ğŸ‡ºğŸ‡¾";"uruguai"
"ğŸ‡ºğŸ‡¿";"uzbequistao"
"ğŸ‡»ğŸ‡¦";"vatican_city"
"ğŸ‡»ğŸ‡¨";"st_vincent_grenadines"
"ğŸ‡»ğŸ‡ª";"venezuela"
"ğŸ‡»ğŸ‡¬";"british_virgin_islands"
"ğŸ‡»ğŸ‡®";"us_virgin_islands"
"ğŸ‡»ğŸ‡³";"vietna"
"ğŸ‡»ğŸ‡º";"vanuatu"
"ğŸ‡¼ğŸ‡«";"wallis_futuna"
"ğŸ‡¼ğŸ‡¸";"samoa"
"ğŸ‡½ğŸ‡°";"kosovo"
"ğŸ‡¾ğŸ‡ª";"iemen"
"ğŸ‡¾ğŸ‡¹";"mayotte"
"ğŸ‡¿ğŸ‡¦";"south_africa"
"ğŸ‡¿ğŸ‡²";"zambia"
"ğŸ‡¿ğŸ‡¼";"zimbabue"
